Machine Model;Brand;Part Code;Part Name (GR);Part Name (EN);Category;System;Image;Status;Replaced By;Notes
Essenza Mini;Krups;95999;Δίχτυ Κάψουλων;Capsule Grid;Capsule Container / Grid;OL;95999.jpg;Active;;
Essenza Mini;Delonghi;96052;Δίχτυ Κάψουλων;Capsule Grid;Capsule Container / Grid;OL;96052.jpg;Active;;
Essenza Mini;Krups;96001;Δίσκος Αποστράγγισης;Drip Tray;Drip Tray / Grid;OL;96001.jpg;Active;;
Essenza Mini;Delonghi;96007;Δίσκος Αποστράγγισης;Drip Tray;Drip Tray / Grid;OL;96007.jpg;Active;;
Essenza Mini;Krups;96006;Σχάρα Βάσης Στήριξης Κούπας;Cup Support Grid;Cup Support / Stand;OL;96006.jpg;Active;;
Essenza Mini;Delonghi;96011;Σχάρα Βάσης Στήριξης Κούπας;Cup Support Grid;Cup Support / Stand;OL;96011.jpg;Active;;
Essenza Mini Pantone;Krups;98272;Δίσκος Αποστράγγισης;Drip Tray;Drip Tray / Grid;OL;98272.jpg;Active;;
Essenza Mini Pantone;Krups;98273;Σχάρα Βάσης Στήριξης Κούπας;Cup Support Grid;Cup Support / Stand;OL;98273.jpg;Active;;
Essenza Mini Pantone;Krups;98270;Δίχτυ Κάψουλων;Capsule Grid;Capsule Container / Grid;OL;98270.jpg;Active;;
Essenza Mini Pantone;Krups;98271;Βάση Στήριξης Κούπας;Cup Holder Base;Cup Support / Stand;OL;98271.jpg;Active;;
Pixie Redesign;Krups/Delonghi;98248;Δοχείο Καψουλών Black C62/D62;Capsule Container (Black);Capsule Container / Grid;OL;98248.jpg;Active;;
Pixie Redesign;Krups/Delonghi;98250;Δίσκος Αποστράγγισης Black C62/D62;Drip Tray (Black);Drip Tray / Grid;OL;98250.jpg;Active;;
Pixie Redesign;Krups/Delonghi;98252;Βάση Στήριξης Κούπας Silver C62/D62;Cup Support Base (Silver);Cup Support / Stand;OL;98252.jpg;Active;;
Pixie Redesign;Krups/Delonghi;98249;Σχάρα Βάσης Κούπας Black C62/D62;Cup Support Grid (Black);Cup Support / Stand;OL;98249.jpg;Active;;
Pixie Redesign;Krups/Delonghi;98251;Δοχείο Νερού C62/D62;Water Tank;Water Tank / Lid;OL;98251.jpg;Active;;
Lattissima Pro;DeLonghi;93904;Πλήρης Καράφα Γάλακτος;Complete Milk Carafe;Milk System;OL;93904.jpg;Phased Out;;
Lattissima Pro;DeLonghi;93902;Σωληνάκι Δοχείου Γάλακτος;Milk Container Straw / Tube;Milk System;OL;93902.jpg;Active;;
Lattissima Pro;DeLonghi;93903;Σύνδεσμος Δοχείου Γάλακτος;Milk Container Connector;Milk System;OL;93903.jpg;Active;;
Lattissima Pro;DeLonghi;93901;Βρυσάκι Εξαγωγής Καυτού Νερού;Hot Water Spout;Water / Outlet / Valve System;OL;93901.jpg;Active;;
Lattissima Pro;DeLonghi;93898;Δοχείο Καψουλών;Capsule Container;Capsule Container / Grid;OL;93898.jpg;Active;;
Lattissima Pro;DeLonghi;93900;Δίσκος Αποστράγγισης;Drip Tray;Drip Tray / Grid;OL;93900.jpg;Active;;
Lattissima Pro;DeLonghi;93899;Σχάρα Δίσκου Αποστράγγισης;Drip Tray Grid;Drip Tray / Grid;OL;93899.jpg;Active;;
Lattissima Pro;DeLonghi;93897;Δοχείο Νερού;Water Tank;Water Tank / Lid;OL;93897.jpg;Phased Out;;
Inissia;Krups;93444;Δίχτυ Καψουλών;Capsule Grid;Capsule Container / Grid;OL;93444.jpg;Active;;
Inissia;Delonghi;93445;Δίχτυ Καψουλών;Capsule Grid;Capsule Container / Grid;OL;93445.jpg;Active;;
Inissia;Krups/Delonghi;93443;Δίσκος Αποστράγγισης;Drip Tray;Drip Tray / Grid;OL;93443.jpg;Active;;
Inissia;Krups;93446;Σχάρα Βάσης Στήριξης Κούπας;Cup Support Grid;Cup Support / Stand;OL;93446.jpg;Active;;
Inissia;Delonghi;93447;Σχάρα Βάσης Στήριξης Κούπας;Cup Support Grid;Cup Support / Stand;OL;93447.jpg;Active;;
Inissia;Krups/Delonghi;93448;Βάση Στήριξης Κούπας;Cup Holder Base;Cup Support / Stand;OL;93448.jpg;Active;;
Inissia;Krups/Delonghi;93449;Δοχείο Νερού;Water Tank;Water Tank / Lid;OL;93449.jpg;Active;;
Creatista Plus;Breville;95924;Δοχείο Καψουλών;Capsule Container;Capsule Container / Grid;OL;95924.jpg;Active;;
Creatista;Breville;95926;Βάση Κούπας;Cup Support Base;Cup Support / Stand;OL;95926.jpg;Active;;
Creatista;Breville;95931;Σχάρα Δίσκου Αποστράγγισης;Drip Tray Grid;Drip Tray / Grid;OL;95931.jpg;Active;;
Creatista;Breville;96134;Δίσκος Αποστράγγισης Σταγόνων;Drip Tray;Drip Tray / Grid;OL;96134.jpg;Active;;
Creatista;Breville;95930;Δοχείο Νερού;Water Tank;Water Tank / Lid;OL;95930.jpg;Active;;
Creatista;Breville;95929;Καπάκι Δοχείου Νερού;Water Tank Lid;Water Tank / Lid;OL;95929.jpg;Active;;
Creatista Pro;Breville;96739;Δίχτυ Καψουλών;Capsule Grid;Capsule Container / Grid;OL;96739.jpg;Active;;
Creatista Pro;Breville;96738;Βάση Στήριξης Κούπας;Cup Support Base;Cup Support / Stand;OL;96738.jpg;Active;;
Creatista Pro;Breville;96737;Δίσκος Αποστράγγισης;Drip Tray;Drip Tray / Grid;OL;96737.jpg;Active;;
Creatista Pro;Breville;96740;Σχάρα Δίσκου Αποστράγγισης;Drip Tray Grid;Drip Tray / Grid;OL;96740.jpg;Active;;
Creatista Pro;Breville;96734 / 96733;Δοχείο Νερού (2 κωδικοί συμβατοί);Water Tank;Water Tank / Lid;OL;96734_96733.jpg;Active;;
Creatista Pro;Breville;96732;Καπάκι Δοχείου Νερού;Water Tank Lid;Water Tank / Lid;OL;96732.jpg;Active;;
Creatista Plus / Pro;Breville;95925;Κανάτα Γάλακτος;Milk Jug;Accessory / Spare Part;OL;95925.jpg;Active;;
Creatista Plus / Pro;Breville;95928;Ακροφύσιο Ατμού;Steam Nozzle;Milk System;OL;95928.jpg;Active;;
Creatista Plus / Pro;Breville;95923;Ακίδα Καθαρισματος;Cleaning Needle / Steam Tip Pin;Accessory / Spare Part;OL;95923.jpg;Active;;
CitiZ;Delonghi;SP-54818;Βάση Στήριξης Κούπας;Cup Support Base;Cup Support / Stand;OL;SP-54818.jpg;Active;;
CitiZ;Delonghi;SP-55346;Σχάρα Κάτω Δίσκου Αποστράγγισης;Lower Drip Tray Grid;Drip Tray / Grid;OL;SP-55346.jpg;Phased Out;;
CitiZ Milk;Delonghi;SP-55342;Σχάρα Κάτω Δίσκου Αποστράγγισης;Lower Drip Tray Grid;Drip Tray / Grid;OL;SP-55342.jpg;Phased Out;;
CitiZ Milk;Krups/Delonghi;SP-55340;Δοχείο Νερού;Water Tank;Water Tank / Lid;OL;SP-55340.jpg;Phased Out;96638;
CitiZ Milk;Krups/Delonghi;SP-55206;Καπάκι Δοχείου Νερού;Water Tank Lid;Water Tank / Lid;OL;SP-55206.jpg;Active;;
CitiZ Milk;Krups/Delonghi;SP-55203;Κάτω Δίσκος Αποστράγγισης;Lower Drip Tray;Drip Tray / Grid;OL;SP-55203.jpg;Active;;
CitiZ Milk;Delonghi;96641;Δίχτυ Καψουλών & Δοχείο Σταγόνων;Capsule Grid & Drip Container;Capsule Container / Grid;OL;96641.jpg;Active;;
CitiZ Milk;Krups;96642;Δίχτυ Καψουλών & Δοχείο Σταγόνων;Capsule Grid & Drip Container;Capsule Container / Grid;OL;96642.jpg;Active;;
Citiz Facelift;Krups/Delonghi;95504;Βάση στήριξης κούπας;Cup Support Base;Cup Support / Stand;OL;95504.jpg;Active;;
Citiz Facelift;Delonghi;95561;Δίχτυ καψουλών;Capsule Grid;Capsule Container / Grid;OL;95561.jpg;Active;;
Citiz Facelift;Krups/Delonghi;95503;Δίχτυ καψουλών;Capsule Grid;Capsule Container / Grid;OL;95503.jpg;Active;;
Citiz Facelift;Delonghi;96640;Δίσκος αποστράγγισης μαζί με σχαράκι;Drip Tray + Grid;Drip Tray / Grid;OL;96640.jpg;Active;;
Citiz Facelift;Krups/Delonghi;95537;Δίσκος περισυλλογής σταγόνων;Drip Collector Disk;Drip Tray / Grid;OL;95537.jpg;Active;;
Citiz Facelift;Krups/Delonghi;96638;Δοχείο νερού;Water Tank;Water Tank / Lid;OL;96638.jpg;Active;;
Citiz Facelift;Nespresso;93269;Aeroccino Citiz Facelift;Aeroccino Citiz Facelift;Accessory / Spare Part;OL;93269.jpg;Active;;
Citiz Facelift;Krups/Delonghi;95502;Δίσκος αποστράγγισης;Drip Tray Disk;Drip Tray / Grid;OL;95502.jpg;Active;;
Citiz Milk Facelift;Krups/Delonghi;95792;Σχάρα δίσκου αποστράγγισης;Drip Tray Grid;Drip Tray / Grid;OL;95792.jpg;Active;;
Citiz Milk Facelift;Krups/Delonghi;95562;Βάση στήριξης κούπας;Cup Support Base;Cup Support / Stand;OL;95562.jpg;Active;;
Lattissima One;;96122;Δοχείο καψουλών λευκό;White Capsule Container;Capsule Container / Grid;OL;96122.jpg;Active;;
Lattissima One;;96123;Δοχείο καψουλών καφέ;Brown Capsule Container;Capsule Container / Grid;OL;96123.jpg;Active;;
Lattissima One;;96121;Βάση κούπας με σχαράκι;Cup Support with Grid;Cup Support / Stand;OL;96121.jpg;Active;;
Lattissima One;;96119;Δοχείο νερού με λευκό καπάκι;Water Tank (White Lid);Water Tank / Lid;OL;96119.jpg;Active;;
Lattissima One;;96118;Δοχείο νερού με καφέ καπάκι;Water Tank (Brown Lid);Water Tank / Lid;OL;96118.jpg;Active;;
Lattissima One;;96120;Δοχείο νερού χωρίς καπάκι;Water Tank (No Lid);Water Tank / Lid;OL;96120.jpg;Active;;
Lattissima One;;96125;Πλήρης καράφα;Complete Milk Carafe;Milk System;OL;96125.jpg;Active;;
Lattissima One;;96127;Δοχείο γάλακτος;Milk Container;Milk System;OL;96127.jpg;Active;;
Lattissima One;;96128;Βαλβίδα σύνδεσης δοχείου γάλακτος;Milk Connector Valve;Milk System;OL;96128.jpg;Active;;
Lattissima One;;96126;Σωληνάκι γάλακτος;Milk Tube;Milk System;OL;96126.jpg;Active;;
Lattissima One;;96129;Βρυσάκι αφαλάτωσης;Descaling Nozzle;Accessory / Spare Part;OL;96129.jpg;Active;;
Lattissima One;;96360;Δοχείο νερού με μαύρο καπάκι;Water Tank (Black Lid);Water Tank / Lid;OL;96360.jpg;Active;;
Lattissima One;;96359;Καράφα γάλακτος μαύρη;Milk Carafe Black;Milk System;OL;96359.jpg;Active;;
Lattissima One;;96357;Δίχτυ καψουλών μαύρο;Capsule Container Black;Capsule Container / Grid;OL;96357.jpg;Active;;
Lattissima One;;96358;Βάση κούπας με σχαράκι μαύρη;Cup Support with Grid Black;Cup Support / Stand;OL;96358.jpg;Active;;
Lattissima One EVO;;97272;Δίχτυ Καψουλών Λευκό;White Capsule Grid;Capsule Container / Grid;OL;97272.jpg;Active;;
Lattissima One EVO;;97269;Δοχείο Νερού Μαύρο;Black Water Tank;Water Tank / Lid;OL;no.png;Active;;
Lattissima One EVO;;97271;Δίχτυ Καψουλών Μαύρο;Black Capsule Grid;Capsule Container / Grid;OL;97271.jpg;Active;;
Lattissima One EVO;;97270;Δοχείο Νερού Λευκό;White Water Tank;Water Tank / Lid;OL;97270.jpg;Active;;
Lattissima One EVO;;97274;Βάση Κούπας με Σχαράκι Μαύρη;Black Drip Tray / Cup Support;Drip Tray / Grid;OL;97274.jpg;Active;;
Lattissima One EVO;;97275;Βάση Κούπας με Σχαράκι Λευκή;White Drip Tray / Cup Support;Drip Tray / Grid;OL;97275.jpg;Active;;
Lattissima One EVO;;97279;Καράφα Γάλακτος Λευκή;Milk Carafe White;Milk System;OL;97279.jpg;Active;;
Lattissima One EVO;;97278;Καράφα Γάλακτος Μαύρη;Milk Carafe Black;Milk System;OL;97278.jpg;Active;;
Lattissima One EVO;;97282;Καπάκι Καράφας Γάλακτος Μαύρο;Milk Carafe Lid Black;Milk System;OL;97282.jpg;Active;;
Lattissima One EVO;;97283;Καπάκι Καράφας Γάλακτος Λευκό;Milk Carafe Lid White;Milk System;OL;97283.jpg;Active;;
Lattissima One EVO;;97280;Δοχείο Γάλακτος;Milk Tank;Milk System;OL;97280.jpg;Active;;
Lattissima One EVO;;97277;Σωληνάκι Γάλακτος;Milk Intake Tube;Milk System;OL;no.png;Active;;
Lattissima One EVO;;97273;Βρυσάκι Αφαλάτωσης;Descaling Nozzle;Accessory / Spare Part;OL;97273.jpg;Active;;
Lattissima One EVO;;97276;Σχαράκι Βάσης Στήριξης;Metal Drip Grid;Drip Tray / Grid;OL;97276.jpg;Active;;
Lattissima One EVO;;97268;Βαλβίδα Σύνδεσης Δοχείου Γάλακτος;Milk Container Connector Valve;Milk System;OL;97268.jpg;Active;;
Lattissima Touch;;94138;Δίχτυ κάψουλων λευκό;Capsule Grid White;Capsule Container / Grid;OL;94138.jpg;Active;;
Lattissima Touch;;94145;Δίχτυ κάψουλων μαύρο;Capsule Grid Black;Capsule Container / Grid;OL;94145.jpg;Active;;
Lattissima Touch;;94146;Δίχτυ κάψουλων κόκκινο;Capsule Grid Red;Capsule Container / Grid;OL;94146.jpg;Active;;
Lattissima Touch;;94141;Δίσκος αποστράγγισης λευκός;Drip Tray White;Drip Tray / Grid;OL;94141.jpg;Active;;
Lattissima Touch;;94139;Δίσκος αποστράγγισης μαύρος;Drip Tray Black;Drip Tray / Grid;OL;94139.jpg;Active;;
Lattissima Touch;;94140;Δίσκος αποστράγγισης κόκκινος;Drip Tray Red;Drip Tray / Grid;OL;94140.jpg;Active;;
Lattissima Touch;;94144;Δοχείο Νερού;Water Tank;Water Tank / Lid;OL;94144.jpg;Active;;
Lattissima Touch;;94142;Καράφα Γάλακτος;Milk Carafe;Milk System;OL;94142.jpg;Active;;
Lattissima Touch;;94441;Δίχτυ Κάψουλων Τιτανίο;Capsule Grid Titanium;Capsule Container / Grid;OL;94441.jpg;Active;;
Lattissima Touch;;94444;Δίσκος Αποστράγγισης Τιτανίο;Drip Tray Titanium;Drip Tray / Grid;OL;94444.jpg;Active;;
Lattissima Touch;;94442;Δίχτυ Κάψουλων Ασημί;Capsule Grid Silver;Capsule Container / Grid;OL;94442.jpg;Active;;
Lattissima Touch;;94443;Δίσκος Αποστράγγισης Ασημί;Drip Tray Silver;Drip Tray / Grid;OL;94443.jpg;Active;;
Lattissima Touch Facelift;;96242;Δίχτυ Καψουλών Λευκό;Capsule Grid White;Capsule Container / Grid;OL;96242.jpg;Active;;
Lattissima Touch Facelift;;96251;Δίσκος Αποστράγγισης Λευκός;Drip Tray White;Drip Tray / Grid;OL;96251.jpg;Active;;
Lattissima Touch Facelift;;96245;Καράφα Γάλακτος Λευκή;Milk Carafe White;Milk System;OL;96245.jpg;Active;;
Lattissima Touch Facelift;;96248;Καπάκι Καράφας Λευκό;Milk Carafe Lid White;Milk System;OL;96248.jpg;Active;;
Atelier;;96924;Αναδευτήρας;Whisk;Milk System;OL;96924.jpg;Active;;
Atelier;;96923;Δίχτυ Κάψουλων;Capsule Grid;Capsule Container / Grid;OL;96923.jpg;Active;;
Atelier;;96925;Δοχείο Νερού με Καπάκι;Water Tank with Lid;Water Tank / Lid;OL;96925.jpg;Active;;
Atelier;;96922;Βάση Στήριξης Κούπας;Cup Support Base;Cup Support / Stand;OL;96922.jpg;Active;;
Gran Lattissima;;96545;Βαλβίδα Αφαλάτωσης Λευκή;Descaling Valve White;Accessory / Spare Part;OL;96545.jpg;Active;;
Gran Lattissima;;96546;Βαλβίδα Αφαλάτωσης Μαύρη;Descaling Valve Black;Accessory / Spare Part;OL;96546.jpg;Active;;
Gran Lattissima;;96541;Δίσκος Αποστράγγισης με Σχαράκι Λευκό;Drip Tray Grid White;Drip Tray / Grid;OL;96541.jpg;Active;;
Gran Lattissima;;96542;Δίσκος Αποστράγγισης με Σχαράκι Μαύρος;Drip Tray Grid Black;Drip Tray / Grid;OL;96542.jpg;Active;;
Gran Lattissima;;96549;Βάση Κούπας με Σχαράκι Λευκή;Cup Base With Grid White;Cup Support / Stand;OL;96549.jpg;Active;;
Gran Lattissima;;96550;Βάση Κούπας με Σχαράκι Μαύρη;Cup Base With Grid Black;Cup Support / Stand;OL;96550.jpg;Active;;
Gran Lattissima;;96547;Δίχτυ Κάψουλων Λευκό;Capsule Grid White;Capsule Container / Grid;OL;96547.jpg;Active;;
Gran Lattissima;;96548;Δίχτυ Κάψουλων Μαύρο;Capsule Grid Black;Capsule Container / Grid;OL;96548.jpg;Active;;
Gran Lattissima;;96540;Δοχείο Νερού;Water Tank;Water Tank / Lid;OL;96540.jpg;Active;;
Gran Lattissima;;96689;Σωληνάκι Γάλακτος;Milk Tube;Milk System;OL;96689.jpg;Active;;
Gran Lattissima;;96543;Καράφα Γάλακτος Λευκή;Milk Carafe White;Milk System;OL;96543.jpg;Active;;
Gran Lattissima;;96690;MONO Κεφαλή Καράφας Λευκή;Milk Carafe Head White;Milk System;OL;no.png;Active;;
Gran Lattissima;;96695;Βαλβίδα Σύνδεσης Δοχείου Γάλακτος;Milk Container Connection Valve;Milk System;OL;96695.jpg;Active;;
Gran Lattissima;;96544;Καράφα Γάλακτος Μαύρη;Milk Carafe Black;Milk System;OL;96544.jpg;Active;;
Gran Lattissima;;96691;MONO Κεφαλή Καράφας Μαύρη;Milk Carafe Head Black;Milk System;OL;96691.jpg;Active;;
Gran Lattissima;;96692;Δοχείο Γάλακτος;Milk Carafe Head Black;Milk System;OL;96692.jpg;Active;;
Expert;Krups;95812;Μεταλλική Βάση;Metal Base;Cup Support / Stand;OL;95812.jpg;Active;;
Expert;Krups;95820;Σχάρα Στήριξης Κούπας;Cup Support Grid;Cup Support / Stand;OL;95820.jpg;Active;;
Expert;Unbranded;95818/95819;Βάση Στήριξης Κούπας;Cup Holder Base;Cup Support / Stand;OL;95818_95819.jpg;Active;;
Expert;DeLonghi;95811;Μεταλλική Βάση;Metal Base;Cup Support / Stand;OL;95811.jpg;Active;;
Expert;DeLonghi;95821;Σχάρα Στήριξης Κούπας;Cup Support Grid;Cup Support / Stand;OL;95821.jpg;Active;;
Expert;DeLonghi;95860;Βάση Στήριξης Κούπας;Cup Holder Base;Cup Support / Stand;OL;95860.jpg;Active;;
Expert;Krups;95861;Βάση Στήριξης Κούπας;Cup Holder Base;Cup Support / Stand;OL;95861.jpg;Active;;
Expert;Krups;95815;Δίσκος Αποστράγγισης;Drip Tray;Drip Tray / Grid;OL;95815.jpg;Phased Out;;Για μηχανές με σειριακό αριθμό μικρότερο από 17234
Expert;Krups/Delonghi;95817;Δοχείο Καψουλών;Capsule Container;Capsule Container / Grid;OL;95817.jpg;Active;;Για μηχανές με σειριακό αριθμό μικρότερο από 17234
Expert;DeLonghi;95816;Δίσκος Αποστράγγισης;Drip Tray;Drip Tray / Grid;OL;95816.jpg;Active;;Για μηχανές με σειριακό αριθμό μικρότερο από 17234
Expert;Krups;96104;Δίσκος Αποστράγγισης;Drip Tray;Drip Tray / Grid;OL;96104.jpg;Active;;Για μηχανές με σειριακό αριθμό μεγαλύτερο από 17234
Expert;Krups/Delonghi;96137;Δοχείο Καψουλών;Capsule Container;Capsule Container / Grid;OL;96137.jpg;Active;;Για μηχανές με σειριακό αριθμό μεγαλύτερο από 17234
Expert;DeLonghi;96136;Δίσκος Αποστράγγισης;Drip Tray;Drip Tray / Grid;OL;96136.jpg;Active;;Για μηχανές με σειριακό αριθμό μεγαλύτερο από 17234
Expert;Krups/Delonghi;95813;Δοχείο Νερού;Water Tank;Water Tank / Lid;OL;95813.jpg;Active;;
Expert;Krups/Delonghi;95814;Καπάκι Δοχείου Νερού;Water Tank Lid;Water Tank / Lid;OL;95814.jpg;Active;;
Expert & Milk Aero 3;–;95959;Καπάκι;Lid;Milk System;OL;no.png;Active;;
Expert & Milk Aero 3;Krups;95855;Συσκευή Γαλατιέρας;Milk Frother;Milk System;OL;95855.jpg;Active;;
Expert & Milk Aero 3;DeLonghi;95856;Συσκευή Γαλατιέρας;Milk Frother;Milk System;OL;95856.jpg;Active;;
Unbranded;Krups;SP-57546;Δίχτυ Κάψουλων;Capsule Grid;Capsule Container / Grid;OL;SP-57546.jpg;Active;;
Unbranded;Unbranded;91075;Δίσκος Αποστράγγισης;Drip Tray;Drip Tray / Grid;OL;91075.jpg;Active;;
Unbranded;Krups;SP-39142;Δοχείο Νερού;Water Tank;Water Tank / Lid;OL;SP-39142.jpg;Active;;
Unbranded;Krups;SP-39150;Σχάρα Στήριξης Κούπας;Cup Support Grid;Cup Support / Stand;OL;SP-39150.jpg;Active;;
Unbranded;DeLonghi;SP-51253;Δίχτυ Κάψουλων;Capsule Grid;Capsule Container / Grid;OL;SP-51253.jpg;Active;;
Unbranded;DeLonghi;91076;Δίσκος Αποστράγγισης;Drip Tray;Drip Tray / Grid;OL;91076.jpg;Active;;
Unbranded;DeLonghi;SP-39143;Δοχείο Νερού;Water Tank;Water Tank / Lid;OL;SP-39143.jpg;Active;;
Unbranded;DeLonghi;SP-39151;Σχάρα Στήριξης Κούπας;Cup Support Grid;Cup Support / Stand;OL;SP-39151.jpg;Active;;
U;Krups;93254;Δίχτυ Κάψουλων;Capsule Grid;Capsule Container / Grid;OL;93254.jpg;Active;;
U;DeLonghi;93255;Δίχτυ Κάψουλων;Capsule Grid;Capsule Container / Grid;OL;93255.jpg;Active;;
U;–;93258;Δίσκος Αποστράγγισης;Drip Tray;Drip Tray / Grid;OL;93258.jpg;Active;;
U;–;93939;Δοχείο Νερού;Water Tank;Water Tank / Lid;OL;93939.jpg;Phased Out;;
U;Krups/Delonghi;93259;Βάση Στήριξης Κούπας;Cup Holder Base;Cup Support / Stand;OL;93259.jpg;Active;;
U;Krups;93256;Σχάρα Στήριξης Κούπας;Cup Support Grid;Cup Support / Stand;;;;;
U;DeLonghi;93257;Σχάρα Στήριξης Κούπας;Cup Support Grid;Cup Support / Stand;;;;;
Lattissima Plus;;93112;Δοχείο Καψουλών Λευκό;Capsule Container White;Capsule Container / Grid;OL;93112.jpg;Active;;
Lattissima Plus;;93113;Δοχείο Καψουλών Μπλε;Capsule Container Blue;Capsule Container / Grid;OL;93113.jpg;Active;;
Lattissima Plus;;93303;Δοχείο Καψουλών Μαύρο;Capsule Container Black;Capsule Container / Grid;OL;no.png;Active;;
Lattissima Plus;;93111;Δοχείο Καψουλών Ασημί;Capsule Container Silver;Capsule Container / Grid;OL;93111.jpg;Active;;
Lattissima Plus;;93114;Δοχείο Καψουλών Κόκκινο;Capsule Container Red;Capsule Container / Grid;OL;93114.jpg;Active;;
Lattissima Plus;;93109;Δίσκος Αποστράγγισης Μπλε;Drip Tray Blue;Drip Tray / Grid;OL;93109.jpg;Active;;
Lattissima Plus;;93110;Δίσκος Αποστράγγισης Κόκκινος;Drip Tray Red;Drip Tray / Grid;OL;93110.jpg;Active;;
Lattissima Plus;;93304;Δίσκος Αποστράγγισης Μαύρος;Drip Tray Black;Drip Tray / Grid;OL;93304.jpg;Active;;
Lattissima Plus;;93108;Δίσκος Αποστράγγισης Λευκός;Drip Tray White;Drip Tray / Grid;OL;93108.jpg;Active;;
Lattissima Plus;;93107;Δίσκος Αποστράγγισης Ασημί;Drip Tray Silver;Drip Tray / Grid;OL;93107.jpg;Active;;
Lattissima Plus;–;95487;Δίσκος Αποστράγγισης Κόκκινος;Red Drip Tray;Drip Tray / Grid;OL;95487.jpg;Active;;
Lattissima Plus;–;95488;Δοχείο Νερού με Μαύρο Καπάκι;Water Tank (Black Lid);Water Tank / Lid;OL;95488.jpg;Active;;
;Krups;95313;Δοχείο Κάψουλων;Capsule Container;Capsule Container / Grid;VL;95313.jpg;Active;;
;DeLonghi;95314;Δοχείο Κάψουλων;Capsule Container;Capsule Container / Grid;VL;95314.jpg;Active;;
Prodigio;–;95324;Δίσκος Αποστράγγισης;Drip Tray;Drip Tray / Grid;VL;95324.jpg;Active;;
Prodigio;–;95325;Καπάκι Δοχείου Νερού;Water Tank Lid;Water Tank / Lid;VL;95325.jpg;Active;;
Prodigio;Krups;95318;Βάση Στήριξης Κούπας;Cup Support Base;Cup Support / Stand;VL;95318.jpg;Active;;
Prodigio;DeLonghi;95316;Βάση Στήριξης Κούπας;Cup Support Base;Cup Support / Stand;VL;95316.jpg;Active;;
Prodigio;Krups;95322;Σχάρα Στήριξης Κούπας;Cup Support Grid;Cup Support / Stand;VL;95322.jpg;Active;;
Prodigio;DeLonghi;95323;Σχάρα Στήριξης Κούπας;Cup Support Grid;Cup Support / Stand;VL;95323.jpg;Active;;
Lattissima;–;92282;Δίσκος Αποστράγγισης;Drip Tray;Drip Tray / Grid;OL;92282.jpg;Phased Out;;
Lattissima;–;92281;Δοχείο Καψουλών;Capsule Container;Capsule Container / Grid;OL;92281.jpg;Active;;
Lattissima;–;92349;Δοχείο Νερού Μαύρο;Water Tank Black;Water Tank / Lid;OL;92349.jpg;Active;;
Lattissima;–;92290;Δοχείο Νερού Ασημί;Water Tank Silver;Water Tank / Lid;OL;92290.jpg;Active;;
Lattissima;–;92288;Βρυσάκι Νερού;Water Spout;Water / Outlet / Valve System;OL;92288.jpg;Active;;
Lattissima;–;92287;Πλέγμα Στάγδην (csepprács);Drip Grid;Drip Tray / Grid;OL;92287.jpg;Active;;
Lattissima;–;92289;Δοχείο Νερού Λευκό;Water Tank White;Water Tank / Lid;OL;92289.jpg;Active;;
Lattissima;–;92348;Δοχείο Νερού Κόκκινο;Water Tank Red;Water Tank / Lid;OL;92348.jpg;Active;;
Lattissima;–;92283;Καράφα χωρίς το δοχείο γάλακτος;Milk Carafe Head;Milk System;OL;92283.jpg;Active;;
Lattissima;–;92284;Δοχείο γάλακτος;Milk Container;Milk System;OL;92284.jpg;Active;;
Lattissima;–;92285;Σωλήνας απορρόφησης γάλακτος;Milk Suction Tube;Milk System;OL;92285.jpg;Active;;
Maestria;–;93224;Δοχείο Νερού;Water Tank;Water Tank / Lid;OL;93224.jpg;Phased Out;;
Maestria;–;93231;Δοχείο Καψουλών;Capsule Container;Capsule Container / Grid;OL;93231.jpg;Active;;
Maestria;–;93230;Δίσκος Αποστράγγισης;Drip Tray;Drip Tray / Grid;OL;93230.jpg;Active;;
Maestria;–;93232;Ακροφύσιο Ατμού;Steam Nozzle;Milk System;OL;93232.jpg;Active;;
Gran Maestria;–;93238;Βάση Δίσκου Συλλογής Σταγόνων;Drip Tray Base;Drip Tray / Grid;OL;93238.jpg;Active;;
Maestria;–;93240;Βάση Θέρμανσης Κούπας;Cup Warmer Base;Cup Warmer;OL;93240.jpg;Active;;
Maestria;–;93226;Βάση Στήριξης Κούπας;Cup Support Base;Cup Support / Stand;OL;93226.jpg;Active;;
Gran Maestria;–;93237;Δίσκος Αποστράγγισης;Drip Tray;Drip Tray / Grid;OL;93237.jpg;Active;;
Gran Maestria;–;93233;Κάλυμμα Δίσκου Αποστράγγισης Titanium;Drip Tray Cover Titanium;Drip Tray / Grid;OL;93233.jpg;Active;;
Gran Maestria;–;93234;Κάλυμμα Δίσκου Αποστράγγισης Silver;Drip Tray Cover Silver;Drip Tray / Grid;OL;93234.jpg;Active;;
Gran Maestria;–;93236;Κόκκινο Φλοτέρ;Red Floater;Drip Tray / Grid;OL;93236.jpg;Active;;
NEXT;–;96663;Καπάκι Δοχείου Νερού;Water Tank Lid;Water Tank / Lid;VL;96663.jpg;Active;;
NEXT;–;96662;Δοχείο Νερού;Water Tank;Water Tank / Lid;VL;96662.jpg;Active;;
NEXT;–;96664;Δοχείο Καψουλών;Capsule Container;Capsule Container / Grid;VL;96664.jpg;Active;;
NEXT;–;96697;Δίσκος Αποστράγγισης;Drip Tray;Drip Tray / Grid;VL;96697.jpg;Active;;
NEXT;–;96656;Βάση Στήριξης Κούπας;Cup Support Base;Cup Support / Stand;VL;96656.jpg;Active;;
NEXT;Krups;96665;Σχαράκι Κούπας;Cup Grid;Cup Support / Stand;VL;96665.jpg;Active;;
NEXT;DeLonghi;96666;Σχαράκι Κούπας;Cup Grid;Cup Support / Stand;VL;96666.jpg;Active;;
NEXT;–;96667;Μεταλλική Βάση Στήριξης Κούπας;Metal Cup Support;Cup Support / Stand;VL;96667.jpg;Active;;
NEXT;–;96674;Ροζ Χρυσό Βάση Στήριξης Κούπας;Rose Gold Cup Support;Cup Support / Stand;VL;96674.jpg;Active;;
Plus;DeLonghi;95874;Καπάκι δοχείου νερού GDB VL Plus;Water Tank Lid;Water Tank / Lid;VL;95874.jpg;Active;;
Plus;–;95870;Δοχείο καψουλών;Capsule Container;Capsule Container / Grid;VL;95870.jpg;Active;;
Plus;–;95871;Σχαράκι κούπας & για τις 2;Cup Grid;Cup Support / Stand;VL;95871.jpg;Active;;
Plus;Krups;95875;Καπάκι δοχείου νερού GCB VL Plus;Water Tank Lid;Water Tank / Lid;VL;95875.jpg;Active;;
Plus;DeLonghi;95869;Δοχείο νερού GCB VL Plus;Water Tank;Water Tank / Lid;VL;95869.jpg;Active;;
Plus;–;96162;Βάση στήριξης κούπας;Cup Support Base;Cup Support / Stand;VL;96162.jpg;Active;;
Plus;–;96161;Μεταλλική βάση στήριξης κούπας;Metal Cup Base;Cup Support / Stand;VL;96161.jpg;Active;;
Plus;Krups;95868;Δοχείο νερού GCB VL Plus;Water Tank;Water Tank / Lid;VL;95868.jpg;Active;;
VL Lattissima;–;97623;Δοχείο Νερού;Water Tank;Water Tank / Lid;VL;no.png;Active;;
VL Lattissima;–;97622;Δοχείο Καψουλών;Capsule Container;Capsule Container / Grid;VL;no.png;Active;;
VL Lattissima;–;97630;Καράφα Γάλακτος;Milk Carafe;Milk System;VL;no.png;Active;;
VL Lattissima;–;97625;Βάση Στήριξης Κούπας;Cup Support Base;Cup Support / Stand;VL;no.png;Active;;
VL Lattissima;–;97631;Καράφα χωρίς το δοχείο γάλακτος;Milk Frother Head;Milk System;VL;97631.jpg;Active;;
VL Lattissima;–;97624;Βαλβίδα σύνδεσης δοχείου γάλακτος;Milk Connection Valve;Milk System;VL;97624.jpg;Active;;
VL Lattissima;–;97628;Δοχείο Γάλακτος;Milk Container;Milk System;VL;97628.jpg;Active;;
VL Lattissima;–;97621 & 97629;Βρυσάκι Αφαλάτωσης;Descaling Spout;Accessory / Spare Part;VL;97621_97629.jpg;Active;;
POP+;Krups;97647;Δίσκος αποστράγγισης;Drip Grid (Metal);Drip Tray / Grid;VL;no.png;Active;;
POP+;DeLonghi;97646;Δίσκος αποστράγγισης;Drip Grid (Metal);Drip Tray / Grid;VL;no.png;Active;;
POP+;;98296;Vertuo POP+ Water Tank Assy Large (SMMA);Water Tank Assembly Large;Water Tank / Lid;VL;98296.jpg;Active;;
POP+;;98295;Vertuo POP+ Water Tank Lid (SMMA);Water Tank Lid;Water Tank / Lid;VL;no.png;Active;;
POP+;Nespresso;97648;Vertuo POP+ Cup Support Nespresso;Cup Support;Cup Support / Stand;VL;no.png;Active;;
POP+;Delonghi;97650;Vertuo POP+ Cup Support Delonghi;Cup Support;Cup Support / Stand;VL;no.png;Active;;
POP+;Krups;98277;Vertuo POP+ Cup Support Krups;Cup Support;Cup Support / Stand;VL;98277.jpg;Active;;
POP+;Breville;97649;Vertuo POP+ Cup Support Breville;Cup Support;Cup Support / Stand;VL;97649.jpg;Active;;
Vertuo Creatista;Nespresso;97626;Δοχείο καψουλών;Capsule container;Capsule Container / Grid;VL;97626.jpg;Active;;
Vertuo Creatista;Nespresso;97634;Δίσκος αποστράγγισης;Drip tray;Drip Tray / Grid;VL;97634.jpg;Active;;
Vertuo Creatista;Nespresso;97632;Βάση στήριξης κούπας;Cup support base;Cup Support / Stand;VL;97632.jpg;Active;;
Vertuo Creatista;Nespresso;97636;Δίσκος αποστράγγισης;Drip tray;Drip Tray / Grid;VL;97636.jpg;Active;;
Vertuo Creatista;Nespresso;97638;Δοχείο νερού;Water tank;Water Tank / Lid;VL;97638.jpg;Active;;
Vertuo Creatista;Nespresso;97639;Καπάκι δοχείου νερού;Water tank lid;Water Tank / Lid;VL;97639.jpg;Active;;
Vertuo Creatista;Nespresso;97642;Σχάρα δίσκου αποστράγγισης;Drip tray grid;Drip Tray / Grid;VL;97642.jpg;Active;;
Aeroccino 3;Nespresso;95625;Αναδευτήρας Aeroccino 3;Aeroccino 3 Whisk;Accessory / Spare Part;Accessory;95625.jpg;Active;;
Aeroccino 3;Nespresso;95624;Καπάκι Aeroccino 3 (και παλιό 93271);Aeroccino 3 Lid;Accessory / Spare Part;Accessory;95624.jpg;Active;;
Aeroccino 4;Nespresso;93242;Αναδευτήρας Aeroccino 4;Whisk / Frother Aeroccino 4;Accessory / Spare Part;Accessory;93242.jpg;Active;;
Aeroccino 4;Nespresso;92949;Καπάκι Aeroccino 4;Lid Aeroccino 4;Accessory / Spare Part;Accessory;92949.jpg;Active;;
Barista;Nespresso;96524;Καπάκι Barista;Barista Lid;Accessory / Spare Part;OL;96524.jpg;Active;;
Barista;Nespresso;96525;Κουτάλι Συνταγών Barista;Barista Recipe Spoon;Accessory / Spare Part;OL;96525.jpg;Active;;
Barista;Nespresso;96526;Αναδευτήρας Barista;Barista Whisk;Accessory / Spare Part;OL;96526.jpg;Active;;
Barista;Nespresso;96527;Ανοξείδωτη Κανάτα Barista;Barista Stainless Steel Jug;Accessory / Spare Part;OL;96527.jpg;Active;;
Essenza mini;DeLonghi;96009;Βάση Στήριξης Κούπας;Cup Holder Base;Cup Support / Stand;OL;96009.jpg;Active;;
Essenza mini;Unbranded;96008;Βάση Στήριξης Κούπας;Cup Holder Base;Cup Support / Stand;OL;no.png;Active;;Σχήμα DeLonghi
Essenza mini;Krups;96003;Βάση Στήριξης Κούπας;Cup Holder Base;Cup Support / Stand;OL;96003.jpg;Active;;
Essenza mini;Unbranded;96002;Βάση Στήριξης Κούπας;Cup Holder Base;Cup Support / Stand;OL;96002.jpg;Active;;
Essenza mini;Krups/Delonghi;96044;Δοχείο Νερού;Water Tank;Water Tank / Lid;OL;96044.jpg;Active;;
Pixie;Krups/Delonghi;SP-62592;Δίχτυ Καψουλών;Capsule Grid;Capsule Container / Grid;OL;Sp-62592.jpg;Active;;
Pixie;Krups/Delonghi;SP-67946;Δίσκος αποστράγγισης;Drip tray;Drip Tray / Grid;OL;Sp-67946.jpg;Phased Out;98251;
Pixie;Krups/Delonghi;SP-62616;Βάση Στήριξης Κούπας;Cup Holder Base;Cup Support / Stand;OL;Sp-62616.jpg;Phased Out;;
Pixie;Krups/Delonghi;SP-67944;Δοχείο Νερού;Water Tank;Water Tank / Lid;OL;Sp-67944.jpg;Active;;
Pixie;Krups;SP-67869;Σχάρα Βάσης Στήριξης Κούπας;Cup Support Grid;Cup Support / Stand;OL;Sp-67869.jpg;Phased Out;;
Pixie;DeLonghi;SP-67881;Σχάρα Βάσης Στήριξης Κούπας;Cup Support Grid;Cup Support / Stand;OL;Sp-67881.jpg;Active;;
Essenza Plus;DeLonghi;96644;Δίχτυ Καψουλών;Capsule Grid;Capsule Container / Grid;OL;96644.jpg;Active;;
Essenza Plus;DeLonghi;96653;Βάση Στήριξης Κούπας;Cup Holder Base;Cup Support / Stand;OL;96653.jpg;Active;;
Essenza Plus;DeLonghi;96645;Δίσκος αποστράγγισης;Drip tray;Drip Tray / Grid;OL;96645.jpg;Active;;
Essenza Plus;Krups;96708;Δίσκος αποστράγγισης;Drip tray;Drip Tray / Grid;OL;96708.jpg;Active;;
Essenza Plus;Krups;96643;Δίχτυ Καψουλών;Capsule Grid;Capsule Container / Grid;OL;96643.jpg;Active;;
Essenza Plus;Krups/Delonghi;96654;Δοχείο Νερού;Water Tank;Water Tank / Lid;OL;96654.jpg;Active;;
Essenza Plus;DeLonghi;96649;Βάση Στήριξης Κούπας;Cup Holder Base;Cup Support / Stand;OL;96649.jpg;Active;;
Citiz Milk Facelift;DeLonghi;95539;Σχάρα δίσκου αποστράγγισης;Drip Tray Grid;Drip Tray / Grid;OL;95539.jpg;Active;;
Citiz Milk Facelift;Krups/Delonghi;SP-59292;Σχάρα δίσκου αποστράγγισης;Drip tray grid;Drip Tray / Grid;OL;SP-59292.jpg;Phased Out;;
Citiz Platinum;;97358;Δοχείο Νερού;Water Tank;Water Tank / Lid;OL;97358.jpg;Active;;
Citiz Platinum;DeLonghi;97363;Δοχείο καψουλών & βάση στήριξης κούπας;Capsule Container & Cup Holder Base;Capsule Container / Grid;OL;97363.jpg;Active;;
Citiz Platinum;Krups;97361;Βάση Στήριξης Κούπας;Cup Holder Base;Cup Support / Stand;OL;97361.jpg;Active;;Τοποθετείται στον δίσκο συλλογής σταγόνων
Citiz Platinum;DeLonghi;97360;Βάση Στήριξης Κούπας;Cup Holder Base;Cup Support / Stand;OL;97360.jpg;Active;;Τοποθετείται στον δίσκο συλλογής σταγόνων
Citiz Platinum;;97359;Δίσκος αποστράγγισης;Drip tray;Drip Tray / Grid;OL;97359.jpg;Active;;
Citiz Platinum;Krups;97362;Δοχείο καψουλών & βάση στήριξης κούπας;Capsule Container & Cup Holder Base;Capsule Container / Grid;OL;97362.jpg;Active;;
Unbranded;Unbranded;93105;Δοχείο Νερού;Water Tank;Water Tank / Lid;OL;93105.jpg;Active;;
Lattissima touch;;94143;Καράφα χωρίς το δοχείο γάλακτος;Milk Frother Head;Milk System;OL;94143.jpg;Active;;
Unbranded;Unbranded;93115;Βρυσάκι Αφαλάτωσης;Descaling Nozzle;Accessory / Spare Part;OL;93115.jpg;Active;;
Lattissima Plus;;93239;Σωλήνας απορρόφησης γάλακτος;Milk Suction Tube;Milk System;OL;93239.jpg;Active;;
Essenza Plus;;93106;Σχάρα στήριξης Καράφας γάλακτος και κούπας;Milk Carafe & Cup Support Grid;Milk System;OL;93106.jpg;Active;;
Essenza Plus;;93117;Δοχείο γάλακτος;Milk Container;Milk System;OL;93117.jpg;Active;;
POP;;97393;Δοχείο Νερού;Water Tank;Water Tank / Lid;VL;97393.jpg;Active;;
POP;;97391;Δίχτυ Καψουλών;Capsule Grid;Capsule Container / Grid;VL;97391.jpg;Active;;
POP;;97385;Βάση Στήριξης Κούπας;Cup Holder Base;Cup Support / Stand;VL;97385.jpg;Active;;
POP;;97390;Δίσκος αποστράγγισης;Drip tray;Drip Tray / Grid;VL;97390.jpg;Active;;
POP Pantone;;98274;Δίσκος αποστράγγισης;Drip tray;Drip Tray / Grid;VL;98274.jpg;Active;;
POP Pantone;;98275;Βάση Στήριξης Κούπας;Cup Holder Base;Cup Support / Stand;VL;98275.jpg;Active;;
Aero XL;;97090;Αναδευτήρας Aeroccino 4;Aeroccino 4 Whisk;Accessory / Spare Part;Accessory;97090.jpg;Active;;
